name,token,group,hex,rgb,cmyk_approx,use
Plum,--ao-plum,Core,#533841,"83, 56, 65","0, 33, 22, 67","Header, title slides, cards, headings on light grounds"
Forest,--ao-forest,Core,#3F6950,"63, 105, 80","40, 0, 24, 59","Primary buttons, links, small accents"
Sage,--ao-sage,Core,#A9CBB7,"169, 203, 183","17, 0, 10, 20","Secondary buttons, pills, bands"
Cream,--ao-cream,Core,#FBF5F0,"251, 245, 240","0, 2, 4, 2",Text on Plum; warm page ground
Linen,--ao-linen,Core,#EEEBE7,"238, 235, 231","0, 1, 3, 7",Section grounds
White,--ao-white,Core,#FFFFFF,"255, 255, 255","0, 0, 0, 0","Cards, page ground"
Deep Plum,--ao-plum-deep,Supporting,#36272C,"54, 39, 44","0, 28, 19, 79","Testimonial cards, deepest ground"
Mauve,--ao-mauve,Supporting,#9F7785,"159, 119, 133","0, 25, 16, 38",Logo mark on Plum (never text)
Deep Mauve,--ao-mauve-deep,Supporting,#8F6170,"143, 97, 112","0, 32, 22, 44",Logo mark and icons on light grounds
Deep Forest,--ao-forest-deep,Supporting,#18291C,"24, 41, 28","41, 0, 32, 84",Text on Sage and Light Sage
Fern,--ao-fern,Supporting,#7EA686,"126, 166, 134","24, 0, 19, 35",Decorative green; never text on light
Light Sage,--ao-sage-light,Supporting,#C9DED2,"201, 222, 210","9, 0, 5, 13",Soft panels
Taupe,--ao-taupe,Supporting,#C4B9AB,"196, 185, 171","0, 6, 13, 23",App icon mark
Ivory,--ao-ivory,Supporting,#F5F1E8,"245, 241, 232","0, 2, 5, 4",Logo wordmark on Plum
Gold,--ao-gold,Supporting,#E5A93C,"229, 169, 60","0, 26, 74, 10",Rating stars only
Ink,--ao-ink,Text,#222222,"34, 34, 34","0, 0, 0, 87",Headings
Body,--ao-body,Text,#333333,"51, 51, 51","0, 0, 0, 80",Body copy
Charcoal,--ao-charcoal,Text,#3B3B3B,"59, 59, 59","0, 0, 0, 77","Footer ground, eyebrow labels"
Gray,--ao-gray,Text,#616161,"97, 97, 97","0, 0, 0, 62",Secondary text
Light Gray,--ao-gray-light,Text,#777777,"119, 119, 119","0, 0, 0, 53",Legacy footer text on the site; prefer Gray
